Product Type,Net Quantity,Gross Sales,Discounts,Returns,Total Net Sales,Loss
Art & Sculpture,34,14935,-594,-1609,12732,-2203
Basket,13,3744,-316.8,0,3427.2,-316.8
Basket,12,3825,-201.6,-288,3335.4,-489.6
Basket,17,3035,-63.25,0,2971.75,-63.25
Art & Sculpture,47,2696.8,-44.16,0,2652.64,-44.16
Basket,17,2695,-52.5,-110,2532.5,-162.5
Basket,20,2310,-66,-110,2134,-176
Christmas,90,2160,-45.59,0,2114.41,-45.59
Art & Sculpture,10,2250,-180,0,2070,-180
Basket,11,1925,-17.5,0,1907.5,-17.5
Basket,30,1907,-41.3,0,1865.7,-41.3
Home Decor,19,1748,-46.85,0,1701.15,-46.85
Basket,15,1725,-92,0,1633,-92
Art & Sculpture,2,1625,-5,0,1620,-5
Recycled Art,37,1554,-29.4,0,1524.6,-29.4
Jewelry,33,1584,-67.17,0,1516.83,-67.17
Basket,20,1560,-47.8,0,1512.2,-47.8
Jewelry,32,1536,-76.8,0,1459.2,-76.8
Home Decor,17,1496,-44,0,1452,-44
Basket,5,1467,-57.6,0,1409.4,-57.6
Art & Sculpture,9,1466,-75.89,0,1390.11,-75.89
Art & Sculpture,11,1375,-12.5,0,1362.5,-12.5
Art & Sculpture,58,1392,-36,0,1356,-36
Christmas,58,1392,-45.6,0,1346.4,-45.6
Jewelry,96,1400,-42,-56,1302,-98
Art & Sculpture,3,1660,0,-365,1295,-365
Basket,15,1260,0,0,1260,0
Basket,9,1315,-57.5,0,1257.5,-57.5
Art & Sculpture,30,1260,-46.2,0,1213.8,-46.2
Skin Care,32,1216,-26.6,0,1189.4,-26.6
Home Decor,18,1224,-40.8,0,1183.2,-40.8
Basket,7,1225,-70,0,1155,-70
Art & Sculpture,7,1155,-47.51,0,1107.49,-47.51
Home Decor,5,1125,-22.5,0,1102.5,-22.5
Basket,4,1152,-57.6,0,1094.4,-57.6
Basket,14,1158,-67.16,0,1090.84,-67.16
Basket,10,1100,-11,0,1089,-11
Kitchen,69,1104,-25.6,0,1078.4,-25.6
Basket,10,1100,-26.13,0,1073.87,-26.13
Art & Sculpture,15,1110,-46.79,0,1063.21,-46.79
Art & Sculpture,18,1352,-31.99,-258,1062.01,-289.99
Basket,11,1056,-7.57,0,1048.43,-7.57
Home Decor,12,1120,-72,0,1048,-72
Basket,6,1050,-17.5,0,1032.5,-17.5
Basket,4,1030,0,0,1030,0
Basket,13,1194,-8.8,-156,1029.2,-164.8
Art & Sculpture,15,1110,-81.38,0,1028.62,-81.38
Art & Sculpture,59,1062,-33.6,0,1028.4,-33.6
Basket,6,1225,-35,-175,1015,-210
Basket,6,990,0,0,990,0
Basket,6,1050,-78.75,0,971.25,-78.75
Basket,9,1100,-43.99,-99.01,957,-143
Home Decor,11,968,-17.6,0,950.4,-17.6
Basket,9,990,-43.99,0,946.01,-43.99
Basket,7,952,-13.6,0,938.4,-13.6
Art & Sculpture,25,950,-17.6,0,932.4,-17.6
Basket,5,925,0,0,925,0
Art & Sculpture,2,1150,-230,0,920,-230
Basket,3,1179,0,-288,891,-288
Christmas,11,924,-33.6,0,890.4,-33.6
Art & Sculpture,4,960,-72,0,888,-72
Kitchen,24,906,-18.99,0,887.01,-18.99
Basket,3,945,-63,0,882,-63
Home Decor,7,879,0,0,879,0
Art & Sculpture,10,975,-17.59,-79.21,878.2,-96.8
Basket,11,898,-33.2,0,864.8,-33.2
Basket,7,876.5,-12.65,0,863.85,-12.65
Basket,5,875,-17.5,0,857.5,-17.5
Art & Sculpture,4,900,-45,0,855,-45
Home Decor,9,925,-73.5,0,851.5,-73.5
Art & Sculpture,11,858,-23.6,0,834.4,-23.6
Jewelry,18,912,-45.6,-48,818.4,-93.6
Basket,7,812,-11.6,0,800.4,-11.6
Basket,7,1035,-23,-230,782,-253
Art & Sculpture,19,798,-16.79,0,781.21,-16.79
Basket,16,804,-30.8,0,773.2,-30.8
Basket,7,770,-3.48,0,766.52,-3.48
Basket,7,775,-22.5,0,752.5,-22.5
Basket,7,770,-33,0,737,-33
Jewelry,16,768,-31.2,0,736.8,-31.2
Basket,9,736,0,0,736,0
Jewelry,16,768,-33.6,0,734.4,-33.6
Basket,4,740,-18.5,0,721.5,-18.5
Jewelry,15,720,-9.6,0,710.4,-9.6
Basket,4,700,0,0,700,0
Basket,6,696,-11.6,0,684.4,-11.6
Christmas,18,798,-7.6,-114,676.4,-121.6
Basket,5,725,-58,0,667,-58
Basket,4,700,-35,0,665,-35
Jewelry,25,700,-35.8,0,664.2,-35.8
Jewelry,24,672,-28.01,0,643.99,-28.01
Art & Sculpture,9,700,-57,0,643,-57
Art & Sculpture,2,645,-4.15,0,640.85,-4.15
Home Decor,5,631,0,0,631,0
Art & Sculpture,18,648,-21.6,0,626.4,-21.6
Art & Sculpture,5,638,-12.4,0,625.6,-12.4
Art & Sculpture,5,625,0,0,625,0
Art & Sculpture,5,636,-12.4,0,623.6,-12.4
Basket,5,625,-12.5,0,612.5,-12.5
Jewelry,13,624,-19.2,0,604.8,-19.2
Basket,2,891,0,-288,603,-288
Art & Sculpture,4,600,-15,0,585,-15
Jewelry,42,602,-7.01,-14,580.99,-21.01
Basket,5,580,0,0,580,0
Basket,2,576,0,0,576,0
Skin Care,31,573.5,-1.85,0,571.65,-1.85
Home Decor,7,574,-8.2,0,565.8,-8.2
Art & Sculpture,4,565,0,0,565,0
Basket,3,564,0,0,564,0
Kitchen,20,560,-2.81,0,557.19,-2.81
Basket,5,575,-23,0,552,-23
Basket,5,550,0,0,550,0
Christmas,15,570,-20.2,0,549.8,-20.2
Jewelry,40,616,-11.2,-56,548.8,-67.2
Art & Sculpture,6,588,-48.99,0,539.01,-48.99
Home Decor,6,590,-59,0,531,-59
Home Decor,8,544,-13.6,0,530.4,-13.6
Basket,5,550,-22,0,528,-22
Basket,19,622,-94.6,0,527.4,-94.6
Basket,3,525,0,0,525,0
Art & Sculpture,6,522,0,0,522,0
Textiles,5,564,-44,0,520,-44
Art & Sculpture,13,526,-12.6,0,513.4,-12.6
Art & Sculpture,18,516,-6,0,510,-6
Basket,12,528,-18.8,0,509.2,-18.8
Basket,3,525,-17.5,0,507.5,-17.5
Art & Sculpture,14,518,-14.6,0,503.4,-14.6
Jewelry,9,522,-21.6,0,500.4,-21.6
Kitchen,7,506,-5.8,0,500.2,-5.8
Basket,4,500,0,0,500,0
Basket,9,498,0,0,498,0
Jewelry,11,528,-33.58,0,494.42,-33.58
Basket,12,546,-17.6,-37,491.4,-54.6
Art & Sculpture,9,486,-5.4,0,480.6,-5.4
Jewelry,10,480,0,0,480,0
Art & Sculpture,22,506,-10.99,-19.8,475.21,-30.79
Basket,10,480,-4.8,0,475.2,-4.8
Art & Sculpture,9,593,-9,-110,474,-119
Art & Sculpture,22,484,-11.29,0,472.71,-11.29
Basket,4,500,-37.5,0,462.5,-37.5
Kitchen,13,468,-7.2,0,460.8,-7.2
Art & Sculpture,5,460,0,0,460,0
Basket,4,460,0,0,460,0
Christmas,21,462,-2.2,0,459.8,-2.2
Accessories,25,472,-14,0,458,-14
Jewelry,17,476,-18.2,0,457.8,-18.2
Basket,3,460,-2.24,0,457.76,-2.24
Art & Sculpture,7,476,-20.4,0,455.6,-20.4
Art & Sculpture,2,450,0,0,450,0
Basket,3,450,0,0,450,0
Art & Sculpture,18,450,-5,0,445,-5
Basket,3,460,-17.5,0,442.5,-17.5
Art & Sculpture,4,458,-15.6,0,442.4,-15.6
Art & Sculpture,6,536,-6.8,-88,441.2,-94.8
Jewelry,5,440,0,0,440,0
Christmas,5,440,0,0,440,0
Jewelry,16,448,-8.4,0,439.6,-8.4
Art & Sculpture,25,450,-14.39,0,435.61,-14.39
Basket,4,440,-11,0,429,-11
Christmas,17,442,-20.8,0,421.2,-20.8
Kitchen,45,437,-10.25,-8.54,418.21,-18.79
Art & Sculpture,10,420,-4.5,0,415.5,-4.5
Art & Sculpture,14,435,-20.1,0,414.9,-20.1
Fair Trade Gifts,17,432,-19.6,0,412.4,-19.6
Basket,10,420,-9.6,0,410.4,-9.6
Basket,2,615,0,-205,410,-205
Art & Sculpture,12,432,-25.2,0,406.8,-25.2
One-of-a-Kind,1,450,-45,0,405,-45
Christmas,12,408,-3.4,0,404.6,-3.4
Jewelry,29,462,-8.41,-56,397.59,-64.41
Basket,6,408,-11.8,0,396.2,-11.8
Basket,4,440,-44,0,396,-44
Basket,2,410,-20.5,0,389.5,-20.5
Art & Sculpture,3,432,-43.2,0,388.8,-43.2
Art & Sculpture,1,385,0,0,385,0
Basket,4,414,-33,0,381,-33
Art & Sculpture,6,379,0,0,379,0
Home Decor,3,374,0,0,374,0
Basket,9,378,-4.2,0,373.8,-4.2
Art & Sculpture,16,408,-13.6,-21.6,372.8,-35.2
Kitchen,21,374,-1.39,0,372.61,-1.39
Art & Sculpture,3,384,-12.8,0,371.2,-12.8
Art & Sculpture,4,380,-9.5,0,370.5,-9.5
Basket,2,370,0,0,370,0
Basket,11,393.25,-25,0,368.25,-25
Basket,8,428,-19.2,-46,362.8,-65.2
Soapstone,13,359,0,0,359,0
Art & Sculpture,2,396,-39.6,0,356.4,-39.6
Kitchen,18,360,-4,0,356,-4
Art & Sculpture,4,360,-4.19,0,355.81,-4.19
Art & Sculpture,4,360,-5.8,0,354.2,-5.8
Christmas,16,352,0,0,352,0
Basket,2,370,-18.5,0,351.5,-18.5
Art & Sculpture,1,350,0,0,350,0
Basket,2,350,0,0,350,0
Art & Sculpture,11,352,-3.19,0,348.81,-3.19
Basket,7,364,-15.6,0,348.4,-15.6
Basket,6,348,0,0,348,0
Basket,3,348,0,0,348,0
Home Decor,16,352,-4.4,0,347.6,-4.4
Christmas,16,352,-4.4,0,347.6,-4.4
Basket,8,344,0,0,344,0
Basket,9,342,0,0,342,0
Jewelry,11,360,-19.4,0,340.6,-19.4
Basket,9,339,0,0,339,0
Fair Trade Gifts,16,352,-13.18,0,338.82,-13.18
Art & Sculpture,6,348,-11.6,0,336.4,-11.6
Basket,3,360,-24,0,336,-24
Art & Sculpture,2,336,0,0,336,0
Jewelry,7,336,-3.15,0,332.85,-3.15
Art & Sculpture,14,350,-17.2,0,332.8,-17.2
Art & Sculpture,2,350,-17.5,0,332.5,-17.5
Basket,2,350,-17.5,0,332.5,-17.5
Basket,3,330,0,0,330,0
Basket,3,440,0,-110,330,-110
Basket,2,330,0,0,330,0
Art & Sculpture,3,440,0,-110,330,-110
Basket,1,365,-36.5,0,328.5,-36.5
Art & Sculpture,8,336,-12.6,0,323.4,-12.6
Jewelry,10,340,-18.6,0,321.4,-18.6
Home Decor,5,408,-20.4,-68,319.6,-88.4
Basket,3,330,-11,0,319,-11
Music,9,328,-12.6,0,315.4,-12.6
Art & Sculpture,7,315,0,0,315,0
Basket,2,350,-35,0,315,-35
Christmas,18,324,-10.8,0,313.2,-10.8
Basket,1,310,0,0,310,0
Art & Sculpture,3,330,-22,0,308,-22
Basket,3,330,-22,0,308,-22
Art & Sculpture,2,324,-16.2,0,307.8,-16.2
Kitchen,13,312,-4.81,0,307.19,-4.81
Art & Sculpture,5,312,-5,0,307,-5
Basket,5,307,0,0,307,0
Art & Sculpture,7,315,-9.5,0,305.5,-9.5
Basket,3,348,-46.4,0,301.6,-46.4
Art & Sculpture,2,300,0,0,300,0
Basket,8,348,-11.41,-38,298.59,-49.41
Basket,3,298,0,0,298,0
Jewelry,11,308,-11.21,0,296.79,-11.21
Art & Sculpture,2,296,0,0,296,0
Jewelry,6,300,-4.4,0,295.6,-4.4
Kitchen,29,307.5,-14.16,0,293.34,-14.16
Basket,3,304,-11,0,293,-11
Jewelry,21,378,-2.8,-84,291.2,-86.8
Art & Sculpture,5,290,0,0,290,0
Textiles,8,342,-15.2,-38,288.8,-53.2
Basket,3,288,0,0,288,0
Home Decor,2,288,0,0,288,0
Art & Sculpture,6,288,0,0,288,0
Christmas,16,306,-1.8,-18,286.2,-19.8
Soapstone,8,285,0,0,285,0
Home Decor,5,320,-38.4,0,281.6,-38.4
Home Decor,8,304,-22.8,0,281.2,-22.8
Furniture,2,350,-70,0,280,-70
Music,16,292,-12.2,0,279.8,-12.2
Art & Sculpture,3,302,-23.4,0,278.6,-23.4
Jewelry,6,288,-9.6,0,278.4,-9.6
Art & Sculpture,6,288,-9.61,0,278.39,-9.61
Christmas,13,286,-8.8,0,277.2,-8.8
Jewelry,6,288,-12,0,276,-12
Basket,6,280,-6.32,0,273.68,-6.32
Home Decor,2,288,-14.39,0,273.61,-14.39
Art & Sculpture,8,288,-14.4,0,273.6,-14.4
Home Decor,4,286,-13.6,0,272.4,-13.6
Art & Sculpture,4,272,0,0,272,0
Basket,2,272,0,0,272,0
Art & Sculpture,6,276,-4.8,0,271.2,-4.8
Christmas,15,270,0,0,270,0
Home Decor,2,270,0,0,270,0
Jewelry,10,280,-10.44,0,269.56,-10.44
Art & Sculpture,15,278,-8.71,0,269.29,-8.71
Art & Sculpture,7,272,-3.52,0,268.48,-3.52
Christmas,15,288,-3.6,-18,266.4,-21.6
Home Decor,4,272,-6.79,0,265.21,-6.79
Home Decor,4,272,-6.8,0,265.2,-6.8
Christmas,15,270,-5.41,0,264.59,-5.41
Kids,12,264,0,0,264,0
Home Decor,3,264,0,0,264,0
Fair Trade Gifts,22,264,0,0,264,0
Kitchen,2,264,0,0,264,0
Basket,1,288,-28.8,0,259.2,-28.8
Recycled Art,9,262,-3,0,259,-3
Music,4,256,0,0,256,0
Basket,6,264,-8.8,0,255.2,-8.8
Jewelry,7,270,-15.21,0,254.79,-15.21
Basket,6,252,0,0,252,0
Basket,6,267,-15.31,0,251.69,-15.31
Home Decor,4,272,-20.4,0,251.6,-20.4
Home Decor,7,304,-15.2,-38,250.8,-53.2
Home Decor,4,248,0,0,248,0
Furniture,1,275,-27.5,0,247.5,-27.5
Recycled Art,1,245,0,0,245,0
Art & Sculpture,2,244,0,0,244,0
Jewelry,6,252,-8.41,0,243.59,-8.41
Skin Care,13,240.5,0,0,240.5,0
Music,13,280,-21.99,-18.01,240,-40
Basket,1,240,0,0,240,0
Art & Sculpture,5,240,0,0,240,0
Basket,8,274,0,-34,240,-34
Art & Sculpture,1,240,0,0,240,0
Jewelry,8,244,-5.1,0,238.9,-5.1
Home Decor,2,249,-12.5,0,236.5,-12.5
Kitchen,4,252,-15.6,0,236.4,-15.6
Christmas,13,234,0,0,234,0
Basket,2,232,0,0,232,0
Basket,2,348,-11.6,-104.4,232,-116
Jewelry,5,240,-9.6,0,230.4,-9.6
Basket,2,230,0,0,230,0
Christmas,9,252,-22.4,0,229.6,-22.4
Skin Care,6,228,0,0,228,0
Basket,5,272,-5.12,-38.88,228,-44
Christmas,4,232,-5.8,0,226.2,-5.8
Basket,6,268,-4,-38,226,-42
Basket,5,240,-14.6,0,225.4,-14.6
Basket,4,245,-19.69,0,225.31,-19.69
Art & Sculpture,1,225,0,0,225,0
Basket,6,228,-3.4,0,224.6,-3.4
Basket,6,266,-3.8,-38,224.2,-41.8
Kitchen,19,228,-5.79,0,222.21,-5.79
Art & Sculpture,3,222,0,0,222,0
Basket,4,232,-10.6,0,221.4,-10.6
Basket,2,232,-11.6,0,220.4,-11.6
Basket,2,220,0,0,220,0
Basket,1,240,-24,0,216,-24
Christmas,8,224,-8.41,0,215.59,-8.41
Home Decor,3,234,-19.5,0,214.5,-19.5
Christmas,12,216,-1.8,0,214.2,-1.8
Home Decor,6,228,-15.19,0,212.81,-15.19
Basket,5,220,-8.8,0,211.2,-8.8
Art & Sculpture,1,210,0,0,210,0
Art & Sculpture,8,224,-14,0,210,-14
Basket,1,210,0,0,210,0
Basket,2,220,-11,0,209,-11
Basket,2,232,-23.2,0,208.8,-23.2
Art & Sculpture,12,216,-8.4,0,207.6,-8.4
Soapstone,8,224,-19.6,0,204.4,-19.6
Kitchen,6,204,0,0,204,0
Jewelry,3,204,0,0,204,0
Basket,3,204,0,0,204,0
Jewelry,6,204,0,0,204,0
Basket,6,204,0,0,204,0
Kitchen,20,220.5,-16.92,0,203.58,-16.92
Art & Sculpture,4,312,-5.2,-104,202.8,-109.2
Art & Sculpture,6,216,-14.4,0,201.6,-14.4
One-of-a-Kind,1,200,0,0,200,0
Basket,4,204,-5.8,0,198.2,-5.8
Home Decor,2,208,-9.8,0,198.2,-9.8
Basket,2,220,-22,0,198,-22
Basket,1,220,-22,0,198,-22
Art & Sculpture,9,198,0,0,198,0
Accessories,3,204,-6.8,0,197.2,-6.8
Accessories,2,196,0,0,196,0
Art & Sculpture,7,196,0,0,196,0
Home Decor,4,196,0,0,196,0
Jewelry,6,202,-6.6,0,195.4,-6.6
Basket,1,195,0,0,195,0
Art & Sculpture,3,195,0,0,195,0
Basket,1,390,0,-195,195,-195
Basket,4,208,-13.01,0,194.99,-13.01
Recycled Art,8,200,-5.01,0,194.99,-5.01
Jewelry,5,202,-7.6,0,194.4,-7.6
Soapstone,7,193,0,0,193,0
Art & Sculpture,3,192,0,0,192,0
Home Decor,5,204,-12.1,0,191.9,-12.1
Kids,6,204,-13.4,0,190.6,-13.4
Basket,3,204,-13.6,0,190.4,-13.6
Home Decor,2,190,0,0,190,0
Basket,2,190,0,0,190,0
Basket,4,194,-4.4,0,189.6,-4.4
Basket,4,194,-5,0,189,-5
Recycled Art,6,192,-3.2,0,188.8,-3.2
Basket,1,564,0,-376,188,-376
Basket,4,188,0,0,188,0
Basket,7,196,-8.39,0,187.61,-8.39
Basket,6,194,-6.41,0,187.59,-6.41
Basket,4,192,-4.8,0,187.2,-4.8
Home Decor,8,192,-4.8,0,187.2,-4.8
Accessories,2,196,-9.79,0,186.21,-9.79
Soapstone,5,190,-3.8,0,186.2,-3.8
Accessories,2,196,-9.81,0,186.19,-9.81
Art & Sculpture,12,192,-6.42,0,185.58,-6.42
Basket,1,185,0,0,185,0
Art & Sculpture,1,185,0,0,185,0
Home Decor,1,185,0,0,185,0
Basket,1,205,-20.5,0,184.5,-20.5
Art & Sculpture,3,204,-20.4,0,183.6,-20.4
Music,9,186,-2.4,0,183.6,-2.4
Jewelry,8,192,-9.59,0,182.41,-9.59
Home Decor,5,190,-7.6,0,182.4,-7.6
Home Decor,5,228,-7.6,-38,182.4,-45.6
Basket,4,182,0,0,182,0
Soapstone,7,183,-2.1,0,180.9,-2.1
Furniture,2,190,-9.49,0,180.51,-9.49
Recycled Art,12,180,0,0,180,0
Basket,4,184,-4.6,0,179.4,-4.6
Jewelry,7,196,-16.79,0,179.21,-16.79
Basket,2,188,-9.4,0,178.6,-9.4
Art & Sculpture,1,198,-19.8,0,178.2,-19.8
Kids,5,178,0,0,178,0
Jewelry,13,238,-4.21,-56,177.79,-60.21
Jewelry,4,192,-14.39,0,177.61,-14.39
Art & Sculpture,5,180,-3.6,0,176.4,-3.6
Art & Sculpture,10,180,-3.62,0,176.38,-3.62
Jewelry,2,176,0,0,176,0
Art & Sculpture,4,176,0,0,176,0
Art & Sculpture,4,180,-4.5,0,175.5,-4.5
Basket,1,195,-19.5,0,175.5,-19.5
Art & Sculpture,1,195,-19.5,0,175.5,-19.5
Jewelry,4,180,-4.6,0,175.4,-4.6
Basket,1,175,0,0,175,0
One-of-a-Kind,1,175,0,0,175,0
Christmas,10,180,-5.4,0,174.6,-5.4
Home Decor,3,179.2,-5.12,0,174.08,-5.12
Music,3,174,0,0,174,0
Basket,3,174,0,0,174,0
Jewelry,3,174,0,0,174,0
Home Decor,3,186,-12.4,0,173.6,-12.4
Art & Sculpture,5,180,-7.2,0,172.8,-7.2
Art & Sculpture,3,184,-11.6,0,172.4,-11.6
Art & Sculpture,4,172,0,0,172,0
Art & Sculpture,8,176,-4.4,0,171.6,-4.4
Home Decor,4,176,-4.4,0,171.6,-4.4
Basket,4,176,-4.4,0,171.6,-4.4
Kitchen,16,172.5,-1.05,0,171.45,-1.05
Basket,5,170,0,0,170,0
Christmas,5,170,0,0,170,0
Kitchen,15,171,-1.05,0,169.95,-1.05
Jewelry,8,176,-6.6,0,169.4,-6.6
Kitchen,16,175.5,-7.12,0,168.38,-7.12
Home Decor,3,174,-5.8,0,168.2,-5.8
Furniture,3,174,-5.8,0,168.2,-5.8
Accessories,3,174,-5.81,0,168.19,-5.81
Basket,4,168,0,0,168,0
Soapstone,7,168,0,0,168,0
Art & Sculpture,4,168,0,0,168,0
Art & Sculpture,4,182,-14.4,0,167.6,-14.4
Kitchen,14,172,-4.8,0,167.2,-4.8
Kids,5,170,-3.4,0,166.6,-3.4
Home Decor,4,166.6,0,0,166.6,0
Basket,1,185,-18.5,0,166.5,-18.5
Art & Sculpture,4,166,0,0,166,0
Basket,2,182,-16.23,0,165.77,-16.23
Art & Sculpture,1,165,0,0,165,0
Basket,1,165,0,0,165,0
One-of-a-Kind,1,165,0,0,165,0
Basket,5,206,-7.2,-34,164.8,-41.2
Basket,3,164,0,0,164,0
Textiles,8,164,0,0,164,0
Art & Sculpture,2,163,0,0,163,0
Art & Sculpture,6,162,0,0,162,0
Art & Sculpture,3,162,0,0,162,0
Basket,10,160,0,0,160,0
Basket,3,160,0,0,160,0
Home Decor,2,160,0,0,160,0
Basket,3,171,-11.3,0,159.7,-11.3
Christmas,6,168,-8.4,0,159.6,-8.4
Basket,6,170,-11.6,0,158.4,-11.6
Basket,3,163,-4.8,0,158.2,-4.8
Basket,5,172,-14,0,158,-14
Basket,1,175,-17.49,0,157.51,-17.49
Basket,1,175,-17.5,0,157.5,-17.5
Art & Sculpture,4,157,0,0,157,0
Basket,1,174,-17.4,0,156.6,-17.4
Home Decor,3,162,-5.4,0,156.6,-5.4
Basket,3,174,-17.4,0,156.6,-17.4
Jewelry,2,156,0,0,156,0
Home Decor,3,180,-24,0,156,-24
Kitchen,13,156,0,0,156,0
Home Decor,2,156,0,0,156,0
Home Decor,1,155,0,0,155,0
Basket,1,155,0,0,155,0
Art & Sculpture,9,162,-7.21,0,154.79,-7.21
Art & Sculpture,5,160,-6.4,0,153.6,-6.4
Art & Sculpture,10,153.2,0,0,153.2,0
Jewelry,4,156,-3.81,0,152.19,-3.81
Art & Sculpture,4,152,0,0,152,0
Basket,3,152,0,0,152,0
Jewelry,7,154,-2.2,0,151.8,-2.2
Art & Sculpture,7,154,-2.2,0,151.8,-2.2
Art & Sculpture,4,151.4,0,0,151.4,0
Art & Sculpture,2,168,-16.8,0,151.2,-16.8
Basket,3,156,-5.2,0,150.8,-5.2
Art & Sculpture,4,158.8,-8.38,0,150.42,-8.38
Art & Sculpture,1,150,0,0,150,0
Art & Sculpture,4,150,0,0,150,0
Soapstone,7,154,-4.4,0,149.6,-4.4
Basket,1,165,-16.5,0,148.5,-16.5
Kids,3,158,-9.6,0,148.4,-9.6
Basket,4,152,-3.8,0,148.2,-3.8
Home Decor,4,152,-3.8,0,148.2,-3.8
Basket,3,148,0,0,148,0
Basket,1,185,-37,0,148,-37
Basket,2,148,0,0,148,0
Art & Sculpture,1,185,-37,0,148,-37
Kitchen,15,159,-11.54,0,147.46,-11.54
Basket,4,192,-7.79,-38,146.21,-45.79
Basket,1,145,0,0,145,0
Art & Sculpture,1,145,0,0,145,0
Jewelry,4,152,-7.6,0,144.4,-7.6
Kids,3,144,0,0,144,0
Basket,2,144,0,0,144,0
Art & Sculpture,2,144,0,0,144,0
Art & Sculpture,3,144,0,0,144,0
Kitchen,13,148.5,-5.24,0,143.26,-5.24
Jewelry,6,144,-2.39,0,141.61,-2.39
Jewelry,6,144,-2.4,0,141.6,-2.4
Kitchen,4,140,0,0,140,0
Kitchen,5,140,0,0,140,0
Jewelry,5,140,0,0,140,0
Basket,1,145,-5,0,140,-5
Basket,3,144,-4.8,0,139.2,-4.8
Art & Sculpture,3,144,-4.8,0,139.2,-4.8
Home Decor,3,144,-4.8,0,139.2,-4.8
Christmas,8,144,-5,0,139,-5
Basket,3,138,0,0,138,0
Jewelry,5,140,-2.8,0,137.2,-2.8
Art & Sculpture,2,152,-15.2,0,136.8,-15.2
Basket,4,150,-13.68,0,136.32,-13.68
Soapstone,4,136,0,0,136,0
Jewelry,2,136,0,0,136,0
Home Decor,2,136,0,0,136,0
Art & Sculpture,2,136,0,0,136,0
Basket,2,136,0,0,136,0
Basket,1,136,0,0,136,0
Basket,3,146,-10.2,0,135.8,-10.2
Soapstone,5,140,-4.79,0,135.21,-4.79
One-of-a-Kind,1,135,0,0,135,0
Art & Sculpture,3,135,0,0,135,0
Kitchen,5,140,-5.6,0,134.4,-5.6
Accessories,3,134.4,0,0,134.4,0
Christmas,7,140,-5.89,0,134.11,-5.89
Art & Sculpture,3,134,0,0,134,0
Christmas,7,140,-6,0,134,-6
Home Decor,2,136,-3.4,0,132.6,-3.4
Kids,4,136,-3.4,0,132.6,-3.4
Basket,3,132,0,0,132,0
Kitchen,11,132,0,0,132,0
Christmas,6,132,0,0,132,0
Jewelry,4,134,-3.4,0,130.6,-3.4
Basket,1,145,-14.5,0,130.5,-14.5
Soapstone,3,174,0,-43.5,130.5,-43.5
Home Decor,2,130,0,0,130,0
Art & Sculpture,2,130,0,0,130,0
Basket,2,144,-14.4,0,129.6,-14.4
Furniture,1,144,-14.4,0,129.6,-14.4
Home Decor,2,136,-6.8,0,129.2,-6.8
Basket,2,136,-6.8,0,129.2,-6.8
Kitchen,2,136,-6.8,0,129.2,-6.8
Christmas,2,136,-6.8,0,129.2,-6.8
Home Decor,2,128,0,0,128,0
Christmas,2,128,0,0,128,0
Basket,2,256,0,-128,128,-128
Art & Sculpture,1,128,0,0,128,0
Art & Sculpture,2,128,0,0,128,0
Basket,3,132,-4.4,0,127.6,-4.4
Art & Sculpture,5,130,-2.6,0,127.4,-2.6
Home Decor,3,130,-3.5,0,126.5,-3.5
Christmas,6,126,0,0,126,0
Soapstone,7,126,0,0,126,0
Kitchen,7,126,0,0,126,0
Jewelry,3,126,0,0,126,0
Basket,1,125,0,0,125,0
Art & Sculpture,1,125,0,0,125,0
Home Decor,3,125,0,0,125,0
One-of-a-Kind,1,125,0,0,125,0
Kitchen,11,132,-7.2,0,124.8,-7.2
Kids,4,128,-3.2,0,124.8,-3.2
Art & Sculpture,1,156,-31.2,0,124.8,-31.2
Soapstone,7,126,-1.8,0,124.2,-1.8
Home Decor,2,124,0,0,124,0
Home Decor,2,189,-6.5,-58.5,124,-65
Home Decor,1,124,0,0,124,0
Art & Sculpture,3,132,-8.4,0,123.6,-8.4
Kids,4,130,-6.8,0,123.2,-6.8
Basket,3,132,-8.8,0,123.2,-8.8
Art & Sculpture,3,132,-8.8,0,123.2,-8.8
Jewelry,2,123,0,0,123,0
Basket,1,136,-13.6,0,122.4,-13.6
Art & Sculpture,2,136,-13.6,0,122.4,-13.6
Jewelry,3,122,0,0,122,0
Jewelry,2,128,-6.4,0,121.6,-6.4
Art & Sculpture,2,128,-6.41,0,121.59,-6.41
One-of-a-Kind,1,135,-13.49,0,121.51,-13.49
One-of-a-Kind,1,135,-13.5,0,121.5,-13.5
Art & Sculpture,7,126,-5.4,0,120.6,-5.4
Kitchen,7,126,-5.4,0,120.6,-5.4
Art & Sculpture,6,122,-1.8,0,120.2,-1.8
Home Decor,2,120,0,0,120,0
Basket,1,120,0,0,120,0
Jewelry,2,120,0,0,120,0
Art & Sculpture,1,120,0,0,120,0
Kitchen,3,120,0,0,120,0
Art & Sculpture,4,122,-3.8,0,118.2,-3.8
Art & Sculpture,3,126,-8.4,0,117.6,-8.4
Kitchen,6,117,0,0,117,0
Furniture,2,130,-13,0,117,-13
Home Decor,2,130,-13,0,117,-13
Basket,3,125,-8.7,0,116.3,-8.7
Recycled Art,2,116,0,0,116,0
Basket,1,116,0,0,116,0
Jewelry,2,116,0,0,116,0
Basket,2,116,0,0,116,0
Accessories,2,116,0,0,116,0
Jewelry,4,136,-20.4,0,115.6,-20.4
Art & Sculpture,2,128,-12.8,0,115.2,-12.8
Basket,1,115,0,0,115,0
Art & Sculpture,1,115,0,0,115,0
Art & Sculpture,3,126,-11.14,0,114.86,-11.14
Kitchen,10,136,-9.6,-12,114.4,-21.6
Kitchen,4,120,-5.99,0,114.01,-5.99
Fair Trade Gifts,12,114,0,0,114,0
Art & Sculpture,3,114,0,0,114,0
Fair Trade Gifts,3,114,0,0,114,0
Furniture,3,114,0,0,114,0
Art & Sculpture,3,152,-3.8,-34.2,114,-38
Basket,2,120,-6.8,0,113.2,-6.8
Basket,1,125,-12.5,0,112.5,-12.5
Kitchen,1,125,-12.5,0,112.5,-12.5
Jewelry,8,112,0,0,112,0
Basket,2,176,-6.4,-57.6,112,-64
Christmas,4,252,0,-140,112,-140
Jewelry,4,112,0,0,112,0
Kitchen,4,112,0,0,112,0
Accessories,5,116,-4.41,0,111.59,-4.41
Art & Sculpture,3,115,-3.5,0,111.5,-3.5
Music,7,112,-1.6,0,110.4,-1.6
Home Decor,3,114,-3.8,0,110.2,-3.8
Jewelry,3,114,-3.8,0,110.2,-3.8
Art & Sculpture,3,114,-3.8,0,110.2,-3.8
Home Decor,2,116,-5.8,0,110.2,-5.8
Basket,3,114,-3.8,0,110.2,-3.8
Jewelry,2,116,-5.8,0,110.2,-5.8
Recycled Art,2,116,-5.8,0,110.2,-5.8
Basket,1,110,0,0,110,0
Basket,1,115,-5,0,110,-5
Basket,1,220,0,-110,110,-110
Furniture,1,110,0,0,110,0
Soapstone,7,110,0,0,110,0
Basket,4,112,-2.8,0,109.2,-2.8
Soapstone,8,112,-4.2,0,107.8,-4.2
Home Decor,5,112.5,-4.82,0,107.68,-4.82
Kitchen,9,112,-4.8,0,107.2,-4.8
Kitchen,4,112,-5.6,0,106.4,-5.6
Christmas,3,114,-7.6,0,106.4,-7.6
Jewelry,8,168,-5.62,-56,106.38,-61.62
Basket,1,125,-18.75,0,106.25,-18.75
Kitchen,3,106,0,0,106,0
Christmas,6,110,-4.5,0,105.5,-4.5
Basket,1,116,-11.6,0,104.4,-11.6
Christmas,4,108,-3.6,0,104.4,-3.6
Christmas,3,108,-3.6,0,104.4,-3.6
Basket,1,115,-11.5,0,103.5,-11.5
Kitchen,1,115,-11.5,0,103.5,-11.5
Accessories,1,114,-11.4,0,102.6,-11.4
Kitchen,10,106.5,-4.19,0,102.31,-4.19
Jewelry,3,102,0,0,102,0
Textiles,2,120,-18,0,102,-18
Jewelry,3,104.5,-2.85,0,101.65,-2.85
Kitchen,9,103.5,-3.15,0,100.35,-3.15
Home Decor,2,100,0,0,100,0
Art & Sculpture,3,108,-8,0,100,-8
Kitchen,8,100,0,0,100,0
Recycled Art,1,110,-11,0,99,-11
Basket,1,110,-11,0,99,-11
Art & Sculpture,3,99,0,0,99,0
Music,1,220,-11,-110,99,-121
Home Decor,3,114,-15.2,0,98.8,-15.2
Kids,3,102,-3.2,0,98.8,-3.2
Basket,3,190,-15.2,-76,98.8,-91.2
Basket,3,102,-3.4,0,98.6,-3.4
Kitchen,3,102,-3.41,0,98.59,-3.41
Accessories,1,98,0,0,98,0
Jewelry,7,98,0,0,98,0
Basket,4,146,-20.8,-28,97.2,-48.8
Jewelry,3,102,-5,0,97,-5
Kids,3,102,-5.09,0,96.91,-5.09
Kitchen,9,97.5,-1.05,0,96.45,-1.05
Art & Sculpture,3,96,0,0,96,0
Jewelry,2,96,0,0,96,0
Basket,1,96,0,0,96,0
Basket,2,96,0,0,96,0
Christmas,4,96,0,0,96,0
Furniture,2,96,0,0,96,0
Accessories,2,96,0,0,96,0
Home Decor,2,96,0,0,96,0
Art & Sculpture,2,96,0,0,96,0
Art & Sculpture,4,96,0,0,96,0
Jewelry,3,96,0,0,96,0
Kids,3,102,-6.8,0,95.2,-6.8
Jewelry,3,102,-6.8,0,95.2,-6.8
Basket,2,112,-16.8,0,95.2,-16.8
Kitchen,10,105,-9.95,0,95.05,-9.95
Art & Sculpture,1,95,0,0,95,0
Basket,1,94,0,0,94,0
Art & Sculpture,3,96,-3.2,0,92.8,-3.2
Basket,2,92,0,0,92,0
Home Decor,1,92,0,0,92,0
Kitchen,7,92,0,0,92,0
Soapstone,5,94,-2.2,0,91.8,-2.2
Jewelry,3,102,-10.21,0,91.79,-10.21
Basket,2,96,-4.79,0,91.21,-4.79
Art & Sculpture,2,96,-4.8,0,91.2,-4.8
Basket,2,96,-4.8,0,91.2,-4.8
Jewelry,4,96,-4.81,0,91.19,-4.81
Skin Care,5,92.5,-1.85,0,90.65,-1.85
Kitchen,8,100,-9.6,0,90.4,-9.6
Christmas,5,90,0,0,90,0
Art & Sculpture,2,90,0,0,90,0
Furniture,2,90,0,0,90,0
Art & Sculpture,2,132,-4.88,-37.12,90,-42
Soapstone,5,90,0,0,90,0
Fair Trade Gifts,3,90,0,0,90,0
Basket,1,90,0,0,90,0
Kids,5,90,0,0,90,0
Kitchen,5,90,0,0,90,0
Basket,3,90,0,0,90,0
Recycled Art,3,96,-6.4,0,89.6,-6.4
Art & Sculpture,1,112,-22.4,0,89.6,-22.4
Basket,3,96,-6.4,0,89.6,-6.4
Art & Sculpture,1,99,-9.9,0,89.1,-9.9
Art & Sculpture,5,90,-1.8,0,88.2,-1.8
Accessories,1,98,-9.8,0,88.2,-9.8
Art & Sculpture,1,98,-9.8,0,88.2,-9.8
Kitchen,5,90,-1.8,0,88.2,-1.8
Art & Sculpture,2,132,0,-44,88,-44
Art & Sculpture,1,88,0,0,88,0
Basket,2,88,0,0,88,0
Basket,1,88,0,0,88,0
Home Decor,1,88,0,0,88,0
Accessories,1,88,0,0,88,0
Kitchen,1,88,0,0,88,0
Textiles,2,88,0,0,88,0
Jewelry,4,88,0,0,88,0
Kitchen,8,108,-9.6,-10.8,87.6,-20.4
Art & Sculpture,2,90,-2.5,0,87.5,-2.5
Basket,2,92,-4.6,0,87.4,-4.6
Furniture,2,92,-4.8,0,87.2,-4.8
Soapstone,2,87,0,0,87,0
Art & Sculpture,4,91,-4.7,0,86.3,-4.7
Christmas,2,96,-9.8,0,86.2,-9.8
Kitchen,2,86,0,0,86,0
Basket,2,86,0,0,86,0
Christmas,4,88,-2.19,0,85.81,-2.19
Art & Sculpture,2,90,-4.5,0,85.5,-4.5
Basket,1,95,-9.5,0,85.5,-9.5
Jewelry,3,102,-16.99,0,85.01,-16.99
Home Decor,1,85,0,0,85,0
Jewelry,3,84,0,0,84,0
Home Decor,3,84,0,0,84,0
Jewelry,6,84,0,0,84,0
Basket,2,84,0,0,84,0
Home Decor,2,84,0,0,84,0
Kitchen,3,84,0,0,84,0
Basket,3,84,0,0,84,0
Textiles,3,84,0,0,84,0
Art & Sculpture,3,84,0,0,84,0
Christmas,3,84,0,0,84,0
Basket,2,88,-4.4,0,83.6,-4.4
Kitchen,2,88,-4.4,0,83.6,-4.4
Jewelry,2,88,-4.4,0,83.6,-4.4
Textiles,4,88,-4.4,0,83.6,-4.4
Kitchen,8,87,-4.19,0,82.81,-4.19
Home Decor,1,82,0,0,82,0
Kids,2,96,-14.4,0,81.6,-14.4
Basket,3,84,-2.79,0,81.21,-2.79
Art & Sculpture,3,84,-2.79,0,81.21,-2.79
Kitchen,3,84,-2.8,0,81.2,-2.8
Jewelry,3,84,-2.8,0,81.2,-2.8
Soapstone,3,84,-2.8,0,81.2,-2.8
Accessories,3,90,-9,0,81,-9
Home Decor,2,90,-9.01,0,80.99,-9.01
Kitchen,7,84,-3.6,0,80.4,-3.6
Soapstone,4,84,-3.61,0,80.39,-3.61
Art & Sculpture,2,80,0,0,80,0
Jewelry,2,80,0,0,80,0
Basket,2,84,-4.2,0,79.8,-4.2
Basket,2,126,-4.2,-42,79.8,-46.2
Art & Sculpture,3,82,-2.2,0,79.8,-2.2
Basket,2,88,-8.8,0,79.2,-8.8
Home Decor,1,88,-8.8,0,79.2,-8.8
Art & Sculpture,1,88,-8.8,0,79.2,-8.8
Basket,1,88,-8.8,0,79.2,-8.8
Basket,2,78.4,0,0,78.4,0
Fair Trade Gifts,1,78,0,0,78,0
Jewelry,2,78,0,0,78,0
Basket,1,78,0,0,78,0
Basket,2,86,-8.4,0,77.6,-8.4
Basket,3,86,-8.43,0,77.57,-8.43
Kitchen,3,80,-2.8,0,77.2,-2.8
Kitchen,7,76.5,0,0,76.5,0
Kitchen,4,80,-4,0,76,-4
Kitchen,1,76,0,0,76,0
Jewelry,2,76,0,0,76,0
Art & Sculpture,2,76,0,0,76,0
Furniture,2,76,0,0,76,0
Basket,3,84,-8.41,0,75.59,-8.41
Christmas,1,75,0,0,75,0
Art & Sculpture,1,75,0,0,75,0
Basket,3,114,-11.6,-28,74.4,-39.6
Music,4,80,-6,0,74,-6
Art & Sculpture,2,74,0,0,74,0
Art & Sculpture,5,76,-2,0,74,-2
Basket,1,74,0,0,74,0
Soapstone,3,74,0,0,74,0
Music,5,74,0,0,74,0
Recycled Art,2,76.8,-3.48,0,73.32,-3.48
Kitchen,7,76.5,-3.67,0,72.83,-3.67
Basket,2,76,-3.8,0,72.2,-3.8
Home Decor,2,114,-7.6,-34.2,72.2,-41.8
Home Decor,2,76,-3.8,0,72.2,-3.8
Jewelry,2,76,-3.8,0,72.2,-3.8
Soapstone,2,76,-3.8,0,72.2,-3.8
Skin Care,4,74,-1.85,0,72.15,-1.85
Jewelry,1,72,0,0,72,0
Fair Trade Gifts,4,72,0,0,72,0
Christmas,4,72,0,0,72,0
Textiles,2,80,-8,0,72,-8
Kitchen,3,72,0,0,72,0
Art & Sculpture,3,72,0,0,72,0
Kids,3,72,0,0,72,0
Basket,2,80,-8,0,72,-8
Art & Sculpture,1,72,0,0,72,0
Home Decor,2,72,0,0,72,0
Kitchen,6,72,-1.2,0,70.8,-1.2
Skin Care,4,74,-3.7,0,70.3,-3.7
Textiles,2,134,-5.7,-58,70.3,-63.7
Christmas,5,70,0,0,70,0
Kitchen,4,80,-10,0,70,-10
Soapstone,3,70,0,0,70,0
Art & Sculpture,2,70,0,0,70,0
Kitchen,1,70,0,0,70,0
Basket,3,72,-2.4,0,69.6,-2.4
Jewelry,3,72,-2.4,0,69.6,-2.4
Fair Trade Gifts,3,72,-2.4,0,69.6,-2.4
Christmas,3,72,-2.41,0,69.59,-2.41
Art & Sculpture,2,72,-2.8,0,69.2,-2.8
Art & Sculpture,2,73.1,-4.08,0,69.02,-4.08
Textiles,2,76,-7.6,0,68.4,-7.6
Home Decor,2,76,-7.6,0,68.4,-7.6
Basket,2,72,-3.61,0,68.39,-3.61
Jewelry,4,72,-3.61,0,68.39,-3.61
Music,1,68,0,0,68,0
Basket,1,68,0,0,68,0
Recycled Art,2,68,0,0,68,0
Art & Sculpture,1,68,0,0,68,0
Jewelry,1,68,0,0,68,0
Basket,2,68,0,0,68,0
Home Decor,1,68,0,0,68,0
Kids,2,68,0,0,68,0
Jewelry,2,68,0,0,68,0
Accessories,1,68,0,0,68,0
Home Decor,2,75.4,-7.54,0,67.86,-7.54
Kids,4,67.5,0,0,67.5,0
Basket,1,74,-7.4,0,66.6,-7.4
Kitchen,4,72,-5.4,0,66.6,-5.4
Basket,2,104,-3.61,-34,66.39,-37.61
Christmas,3,66,0,0,66,0
Fair Trade Gifts,3,66,0,0,66,0
Art & Sculpture,3,66,0,0,66,0
Kids,3,66,0,0,66,0
Jewelry,3,66,0,0,66,0
Art & Sculpture,2,65.6,0,0,65.6,0
Art & Sculpture,1,82,-16.4,0,65.6,-16.4
Home Decor,1,65,0,0,65,0
Kids,2,72,-7.19,0,64.81,-7.19
Jewelry,1,72,-7.2,0,64.8,-7.2
Kitchen,6,72,-7.2,0,64.8,-7.2
Jewelry,2,76,-11.4,0,64.6,-11.4
Kitchen,2,68,-3.4,0,64.6,-3.4
Jewelry,2,68,-3.4,0,64.6,-3.4
Home Decor,2,76,-11.4,0,64.6,-11.4
Art & Sculpture,2,64,0,0,64,0
Jewelry,2,64,0,0,64,0
Home Decor,1,64,0,0,64,0
Christmas,3,66,-2.2,0,63.8,-2.2
Art & Sculpture,3,66,-2.2,0,63.8,-2.2
Soapstone,2,68,-5.1,0,62.9,-5.1
Basket,2,98,-3.4,-32,62.6,-35.4
Christmas,3,65,-2.5,0,62.5,-2.5
Jewelry,1,62,0,0,62,0
Home Decor,1,62,0,0,62,0
Jewelry,2,62,0,0,62,0
Basket,1,62,0,0,62,0
Christmas,3,66,-4.4,0,61.6,-4.4
Kitchen,1,68,-6.8,0,61.2,-6.8
Basket,1,68,-6.8,0,61.2,-6.8
Kids,2,68,-6.8,0,61.2,-6.8
Home Decor,1,68,-6.8,0,61.2,-6.8
Jewelry,2,68,-6.8,0,61.2,-6.8
Art & Sculpture,1,68,-6.8,0,61.2,-6.8
Soapstone,2,64,-3.2,0,60.8,-3.2
Jewelry,2,64,-3.2,0,60.8,-3.2
Home Decor,2,76,-15.2,0,60.8,-15.2
Jewelry,2,64,-3.21,0,60.79,-3.21
Kitchen,6,66,-5.24,0,60.76,-5.24
Art & Sculpture,3,66,-5.5,0,60.5,-5.5
Home Decor,1,60,0,0,60,0
Home Decor,1,120,-6,-54,60,-60
Soapstone,3,60,0,0,60,0
Fair Trade Gifts,2,60,0,0,60,0
Basket,1,66,-6.6,0,59.4,-6.6
Art & Sculpture,3,66,-6.6,0,59.4,-6.6
Home Decor,1,74,-14.79,0,59.21,-14.79
Basket,2,62,-2.8,0,59.2,-2.8
Home Decor,1,74,-14.8,0,59.2,-14.8
Soapstone,4,64,-4.8,0,59.2,-4.8
Kitchen,3,58.5,0,0,58.5,0
Home Decor,1,58.5,0,0,58.5,0
Jewelry,1,58,0,0,58,0
Accessories,1,58,0,0,58,0
Basket,1,58,0,0,58,0
Basket,1,290,0,-232,58,-232
Home Decor,1,58,0,0,58,0
Kitchen,5,64,-6,0,58,-6
Kitchen,1,58,0,0,58,0
Basket,1,72,-14.4,0,57.6,-14.4
Soapstone,2,60,-3.8,0,56.2,-3.8
Soapstone,3,64,-7.8,0,56.2,-7.8
Kitchen,2,56,0,0,56,0
Basket,2,56,0,0,56,0
Accessories,2,56,0,0,56,0
Kitchen,2,84,0,-28,56,-28
Art & Sculpture,2,56,0,0,56,0
Recycled Art,2,56,0,0,56,0
Kids,3,56,0,0,56,0
Jewelry,2,56,0,0,56,0
Soapstone,2,56,0,0,56,0
Christmas,4,56,0,0,56,0
Christmas,2,56,0,0,56,0
Kitchen,1,56,0,0,56,0
Art & Sculpture,4,56,0,0,56,0
Kids,2,56,0,0,56,0
Kitchen,4,56,0,0,56,0
Skin Care,3,55.5,0,0,55.5,0
Art & Sculpture,3,57,-1.9,0,55.1,-1.9
Jewelry,4,60,-5,0,55,-5
Basket,3,60,-5,0,55,-5
Art & Sculpture,1,68,-13.6,0,54.4,-13.6
Basket,1,68,-13.6,0,54.4,-13.6
Art & Sculpture,1,54,0,0,54,0
Kitchen,3,54,0,0,54,0
Jewelry,3,54,0,0,54,0
Soapstone,3,54,0,0,54,0
Kids,3,54,0,0,54,0
Jewelry,1,54,0,0,54,0
Christmas,3,54,0,0,54,0
Art & Sculpture,3,54,0,0,54,0
Kids,2,56,-2.8,0,53.2,-2.8
Kitchen,2,56,-2.8,0,53.2,-2.8
Soapstone,2,56,-2.8,0,53.2,-2.8
Home Decor,2,56,-2.8,0,53.2,-2.8
Art & Sculpture,1,58,-5,0,53,-5
Home Decor,2,78.75,0,-26.25,52.5,-26.25
Basket,1,58,-5.8,0,52.2,-5.8
Jewelry,3,54,-1.8,0,52.2,-1.8
Art & Sculpture,3,54,-1.8,0,52.2,-1.8
Art & Sculpture,1,58,-5.81,0,52.19,-5.81
Jewelry,3,54,-1.81,0,52.19,-1.81
Basket,2,58,-6,0,52,-6
Art & Sculpture,1,52,0,0,52,0
Furniture,1,64,-12.8,0,51.2,-12.8
Home Decor,2,56,-5.6,0,50.4,-5.6
Art & Sculpture,1,56,-5.6,0,50.4,-5.6
Art & Sculpture,3,54,-3.6,0,50.4,-3.6
Jewelry,2,56,-5.6,0,50.4,-5.6
Home Decor,1,50,0,0,50,0
Art & Sculpture,2,50,0,0,50,0
Soapstone,5,50,0,0,50,0
Kids,3,49.5,0,0,49.5,0
Kitchen,5,52.5,-3.15,0,49.35,-3.15
Art & Sculpture,3,49.3,0,0,49.3,0
Recycled Art,2,49,0,0,49,0
Basket,1,54,-5.4,0,48.6,-5.4
Basket,1,48,0,0,48,0
Fair Trade Gifts,1,48,0,0,48,0
Art & Sculpture,1,48,0,0,48,0
Music,1,48,0,0,48,0
Accessories,1,48,0,0,48,0
Jewelry,1,48,0,0,48,0
Jewelry,2,48,0,0,48,0
Home Decor,2,48,0,0,48,0
Recycled Art,1,48,0,0,48,0
Kitchen,2,48,0,0,48,0
Fair Trade Gifts,4,48,0,0,48,0
Music,2,48,0,0,48,0
Basket,3,48,0,0,48,0
Art & Sculpture,2,48,0,0,48,0
Kitchen,1,48,0,0,48,0
Christmas,2,48,0,0,48,0
Basket,1,48,-1.19,0,46.81,-1.19
Fair Trade Gifts,2,52,-5.2,0,46.8,-5.2
Basket,1,58,-11.6,0,46.4,-11.6
Accessories,1,58,-11.6,0,46.4,-11.6
Furniture,1,46,0,0,46,0
Soapstone,2,46,0,0,46,0
Basket,1,46,0,0,46,0
Textiles,2,48,-2.4,0,45.6,-2.4
Kitchen,2,50,-4.57,0,45.43,-4.57
Art & Sculpture,3,45,0,0,45,0
Art & Sculpture,1,45,0,0,45,0
Home Decor,1,45,0,0,45,0
Jewelry,2,56,-11.2,0,44.8,-11.2
Music,3,46,-1.4,0,44.6,-1.4
Basket,1,44,0,0,44,0
Accessories,1,44,0,0,44,0
Art & Sculpture,1,44,0,0,44,0
Kids,2,44,0,0,44,0
Kitchen,1,88,0,-44,44,-44
Music,2,44,0,0,44,0
Christmas,1,44,0,0,44,0
Soapstone,2,44,0,0,44,0
Recycled Art,1,44,0,0,44,0
Art & Sculpture,2,44,0,0,44,0
Kitchen,2,44,0,0,44,0
Jewelry,2,44,0,0,44,0
Accessories,2,44,0,0,44,0
Kids,3,45,-1.36,0,43.64,-1.36
Basket,1,48,-4.8,0,43.2,-4.8
Art & Sculpture,2,48,-4.8,0,43.2,-4.8
Kitchen,1,48,-4.8,0,43.2,-4.8
Art & Sculpture,3,43.2,0,0,43.2,0
Fair Trade Gifts,1,48,-4.8,0,43.2,-4.8
Kitchen,1,96,-4.8,-48,43.2,-52.8
Jewelry,1,48,-4.8,0,43.2,-4.8
Kitchen,4,48,-4.8,0,43.2,-4.8
Basket,1,44,-1.08,0,42.92,-1.08
Art & Sculpture,1,45,-2.5,0,42.5,-2.5
Home Decor,1,42,0,0,42,0
Jewelry,1,42,0,0,42,0
Basket,1,42,0,0,42,0
Kitchen,2,42,0,0,42,0
Art & Sculpture,1,42,0,0,42,0
Art & Sculpture,2,42,0,0,42,0
Christmas,3,42,0,0,42,0
Accessories,1,42,0,0,42,0
Jewelry,3,70,0,-28,42,-28
Art & Sculpture,2,44,-2.2,0,41.8,-2.2
Home Decor,1,41.6,0,0,41.6,0
Basket,1,46,-4.6,0,41.4,-4.6
Basket,1,92,-4.6,-46,41.4,-50.6
Art & Sculpture,1,45,-4.49,0,40.51,-4.49
Art & Sculpture,1,45,-4.5,0,40.5,-4.5
Home Decor,1,45,-4.51,0,40.49,-4.51
Home Decor,2,40,0,0,40,0
Art & Sculpture,2,40,0,0,40,0
Kids,2,40,0,0,40,0
Art & Sculpture,2,44,-4.4,0,39.6,-4.4
Jewelry,1,44,-4.4,0,39.6,-4.4
Art & Sculpture,1,44,-4.4,0,39.6,-4.4
Fair Trade Gifts,1,44,-4.4,0,39.6,-4.4
Basket,1,44,-4.41,0,39.59,-4.41
Kitchen,1,39,0,0,39,0
Home Decor,2,40,-1.9,0,38.1,-1.9
Art & Sculpture,1,38,0,0,38,0
Recycled Art,1,38,0,0,38,0
Basket,1,38,0,0,38,0
Home Decor,1,114,-7.6,-68.4,38,-76
Jewelry,1,38,0,0,38,0
Home Decor,1,38,0,0,38,0
Music,1,38,0,0,38,0
Music,2,40,-2,0,38,-2
Furniture,1,38,0,0,38,0
Kids,1,38,0,0,38,0
Art & Sculpture,1,42,-4.19,0,37.81,-4.19
Basket,1,42,-4.2,0,37.8,-4.2
Home Decor,2,42,-4.2,0,37.8,-4.2
Home Decor,1,42,-4.2,0,37.8,-4.2
Basket,1,40.6,-4.06,0,36.54,-4.06
Christmas,2,40,-3.88,0,36.12,-3.88
Art & Sculpture,2,38,-1.9,0,36.1,-1.9
Art & Sculpture,2,36,0,0,36,0
Christmas,2,36,0,0,36,0
Soapstone,2,36,0,0,36,0
Jewelry,2,36,0,0,36,0
Kitchen,2,36,0,0,36,0
Soapstone,1,36,0,0,36,0
Kitchen,1,36,0,0,36,0
Fair Trade Gifts,2,36,0,0,36,0
Art & Sculpture,1,36,0,0,36,0
Fair Trade Gifts,1,36,0,0,36,0
Basket,1,48,-12,0,36,-12
Jewelry,3,36,0,0,36,0
Basket,1,69.75,0,-34,35.75,-34
Basket,1,44,-8.8,0,35.2,-8.8
Kitchen,1,39,-3.9,0,35.1,-3.9
Art & Sculpture,2,36,-1.16,0,34.84,-1.16
Music,2,37,-2.4,0,34.6,-2.4
Art & Sculpture,2,36,-1.8,0,34.2,-1.8
Kitchen,2,36,-1.8,0,34.2,-1.8
Recycled Art,1,38,-3.8,0,34.2,-3.8
Art & Sculpture,1,38,-3.8,0,34.2,-3.8
Home Decor,1,38,-3.8,0,34.2,-3.8
Easter,1,38,-3.8,0,34.2,-3.8
Jewelry,1,34,0,0,34,0
Basket,1,44,-10,0,34,-10
Kids,1,34,0,0,34,0
Basket,1,34,0,0,34,0
Home Decor,1,34,0,0,34,0
Accessories,1,34,0,0,34,0
Soapstone,1,34,0,0,34,0
Art & Sculpture,1,34,0,0,34,0
Art & Sculpture,2,36,-2.1,0,33.9,-2.1
Furniture,1,45,-11.25,0,33.75,-11.25
Kitchen,3,34.5,-1.05,0,33.45,-1.05
Art & Sculpture,1,36,-3.6,0,32.4,-3.6
Art & Sculpture,2,36,-3.6,0,32.4,-3.6
Christmas,1,36,-3.6,0,32.4,-3.6
Art & Sculpture,1,32,0,0,32,0
Kids,2,32,0,0,32,0
Kids,1,32,0,0,32,0
Jewelry,2,32,0,0,32,0
Soapstone,2,32,0,0,32,0
Music,1,32,0,0,32,0
Kitchen,1,32,0,0,32,0
Jewelry,1,32,0,0,32,0
Soapstone,1,32,0,0,32,0
Kitchen,1,31.5,0,0,31.5,0
Kids,2,31.5,0,0,31.5,0
Art & Sculpture,1,36,-5,0,31,-5
Soapstone,1,34,-3.4,0,30.6,-3.4
Basket,1,34,-3.4,0,30.6,-3.4
Christmas,1,34,-3.4,0,30.6,-3.4
Jewelry,1,34,-3.4,0,30.6,-3.4
Kids,1,34,-3.4,0,30.6,-3.4
Music,2,34,-3.4,0,30.6,-3.4
Kids,1,34,-3.41,0,30.59,-3.41
Home Decor,1,76,-7.6,-38,30.4,-45.6
Jewelry,1,32,-1.6,0,30.4,-1.6
Kids,1,30,0,0,30,0
Kitchen,2,30,0,0,30,0
Jewelry,1,30,0,0,30,0
Soapstone,2,30,0,0,30,0
Fair Trade Gifts,1,30,0,0,30,0
Basket,1,34,-5.1,0,28.9,-5.1
Kitchen,3,31.5,-2.62,0,28.88,-2.62
Kitchen,1,32,-3.2,0,28.8,-3.2
Kids,1,32,-3.2,0,28.8,-3.2
Basket,2,34,-5.2,0,28.8,-5.2
Accessories,1,32,-3.2,0,28.8,-3.2
Home Decor,1,32,-3.2,0,28.8,-3.2
Jewelry,1,32,-3.2,0,28.8,-3.2
Basket,1,70,-7.2,-34,28.8,-41.2
Jewelry,1,28.5,0,0,28.5,0
Art & Sculpture,1,28,0,0,28,0
Basket,1,28,0,0,28,0
Jewelry,1,28,0,0,28,0
Kitchen,1,28,0,0,28,0
Soapstone,1,28,0,0,28,0
Accessories,1,28,0,0,28,0
Christmas,1,28,0,0,28,0
Fair Trade Gifts,1,28,0,0,28,0
Kids,1,28,0,0,28,0
Jewelry,1,68,-13.6,-27.2,27.2,-40.8
Jewelry,1,34,-6.8,0,27.2,-6.8
Kids,1,32,-4.81,0,27.19,-4.81
Kids,1,30,-3,0,27,-3
Jewelry,1,28,-1.85,0,26.15,-1.85
Jewelry,1,26,0,0,26,0
Art & Sculpture,1,25.6,0,0,25.6,0
Recycled Art,1,28,-2.8,0,25.2,-2.8
Basket,1,56,-2.8,-28,25.2,-30.8
Soapstone,1,28,-2.8,0,25.2,-2.8
Kids,1,28,-2.8,0,25.2,-2.8
Kitchen,1,28,-2.8,0,25.2,-2.8
Jewelry,1,28,-2.8,0,25.2,-2.8
Basket,1,84,-2.8,-56,25.2,-58.8
Basket,1,28,-2.81,0,25.19,-2.81
Art & Sculpture,2,26.4,-1.32,0,25.08,-1.32
Fair Trade Gifts,1,25,0,0,25,0
Recycled Art,1,25,0,0,25,0
Art & Sculpture,1,24,0,0,24,0
Jewelry,1,24,0,0,24,0
Basket,1,24,0,0,24,0
Soapstone,1,24,0,0,24,0
Kitchen,1,24,0,0,24,0
Fair Trade Gifts,2,24,0,0,24,0
Textiles,1,24,0,0,24,0
Kids,1,24,0,0,24,0
Accessories,1,24,0,0,24,0
Fair Trade Gifts,1,24,0,0,24,0
Basket,1,28,-4.52,0,23.48,-4.52
Art & Sculpture,1,26,-2.59,0,23.41,-2.59
Art & Sculpture,1,26,-2.6,0,23.4,-2.6
Kitchen,1,24,-1.39,0,22.61,-1.39
Jewelry,1,28,-5.6,0,22.4,-5.6
Jewelry,1,22,0,0,22,0
Kitchen,1,22,0,0,22,0
Music,1,22,0,0,22,0
Art & Sculpture,1,22,0,0,22,0
Soapstone,1,22,0,0,22,0
Fair Trade Gifts,1,22,0,0,22,0
Christmas,1,22,0,0,22,0
Accessories,1,22,0,0,22,0
Art & Sculpture,1,24,-2.4,0,21.6,-2.4
Home Decor,1,24,-2.4,0,21.6,-2.4
Kids,1,24,-2.4,0,21.6,-2.4
Soapstone,1,24,-2.4,0,21.6,-2.4
Kitchen,2,22.5,-1.05,0,21.45,-1.05
Recycled Art,1,25,-3.75,0,21.25,-3.75
Fair Trade Gifts,1,25,-3.75,0,21.25,-3.75
Soapstone,1,21,0,0,21,0
Soapstone,2,20,0,0,20,0
Jewelry,2,20,0,0,20,0
Christmas,1,20,0,0,20,0
Music,1,20,0,0,20,0
Kitchen,1,22,-2.2,0,19.8,-2.2
Jewelry,1,22,-2.21,0,19.79,-2.21
Gift Baskets,1,19.5,0,0,19.5,0
Skin Care,1,18.5,0,0,18.5,0
Kids,1,18,0,0,18,0
Christmas,1,18,0,0,18,0
Art & Sculpture,1,18,0,0,18,0
Kitchen,1,18,0,0,18,0
Soapstone,1,18,0,0,18,0
Jewelry,1,18,0,0,18,0
Fair Trade Gifts,1,18,0,0,18,0
Home Decor,1,18,0,0,18,0
Skin Care,1,18.5,-1.85,0,16.65,-1.85
Music,1,16.5,0,0,16.5,0
Kitchen,1,16.5,0,0,16.5,0
Kitchen,1,18,-1.8,0,16.2,-1.8
Soapstone,1,18,-1.8,0,16.2,-1.8
Music,1,18,-1.8,0,16.2,-1.8
Christmas,1,18,-1.81,0,16.19,-1.81
Kids,1,16,0,0,16,0
Kitchen,1,16,0,0,16,0
Music,1,16,0,0,16,0
Music,1,32,-1.6,-14.4,16,-16
Soapstone,1,16,0,0,16,0
Soapstone,1,18,-2.31,0,15.69,-2.31
Jewelry,1,16,-1.6,0,14.4,-1.6
Art & Sculpture,1,16,-1.6,0,14.4,-1.6
Soapstone,1,18,-3.6,0,14.4,-3.6
Soapstone,1,14,0,0,14,0
Art & Sculpture,1,14,0,0,14,0
Kitchen,1,14,0,0,14,0
Jewelry,1,14,0,0,14,0
Soapstone,1,13.5,0,0,13.5,0
Art & Sculpture,1,13.2,0,0,13.2,0
Jewelry,1,12,0,0,12,0
Soapstone,1,12,0,0,12,0
Kitchen,1,12,0,0,12,0
Fair Trade Gifts,1,12,0,0,12,0
